part	reads	identical	cfg	rep	wall_s	maxrss_kb
chr1	989290	yes	mm2	1	819.09	28273464
chr1	989290	yes	cert	1	732.64	27645340
chr1	989290	yes	mm2	2	816.02	28648112
chr1	989290	yes	cert	2	729.81	27632692
chr1	989290	yes	mm2	3	809.87	28133320
chr1	989290	yes	cert	3	729.40	27889472
chr2	966799	yes	mm2	1	164.62	27110880
chr2	966799	yes	cert	1	130.05	26594984
chr2	966799	yes	mm2	2	165.37	27262872
chr2	966799	yes	cert	2	128.11	26347876
chr2	966799	yes	mm2	3	165.82	27156264
chr2	966799	yes	cert	3	129.33	26252640
chr3	798308	yes	mm2	1	136.02	24841460
chr3	798308	yes	cert	1	99.15	21747208
chr3	798308	yes	mm2	2	135.88	24809072
chr3	798308	yes	cert	2	98.09	21864460
chr3	798308	yes	mm2	3	135.84	24899840
chr3	798308	yes	cert	3	99.06	21869696
chr4	822827	yes	mm2	1	295.36	26918008
chr4	822827	yes	cert	1	252.82	26648536
chr4	822827	yes	mm2	2	296.58	26722468
chr4	822827	yes	cert	2	251.39	26543844
chr4	822827	yes	mm2	3	286.09	26988388
chr4	822827	yes	cert	3	245.31	26414204
chr5	723858	yes	mm2	1	116.16	24607904
chr5	723858	yes	cert	1	90.59	23462056
chr5	723858	yes	mm2	2	114.42	24968024
chr5	723858	yes	cert	2	89.06	23895048
chr5	723858	yes	mm2	3	114.18	25313224
chr5	723858	yes	cert	3	89.22	23558824
chr6	695830	yes	mm2	1	131.03	24115052
chr6	695830	yes	cert	1	88.27	19688612
chr6	695830	yes	mm2	2	132.37	23704616
chr6	695830	yes	cert	2	88.11	19740856
chr6	695830	yes	mm2	3	131.90	23784904
chr6	695830	yes	cert	3	87.23	19585744
chr7	623363	yes	mm2	1	128.31	25390456
chr7	623363	yes	cert	1	97.93	21549388
chr7	623363	yes	mm2	2	126.01	24849340
chr7	623363	yes	cert	2	98.87	21851328
chr7	623363	yes	mm2	3	126.54	24707112
chr7	623363	yes	cert	3	98.70	21803976
chr8	582592	no:10	mm2	1	107.06	22605612
chr8	582592	no:10	cert	1	80.91	18675872
chr8	582592	no:10	mm2	2	106.25	22623760
chr8	582592	no:10	cert	2	82.15	18635964
chr8	582592	no:10	mm2	3	106.71	22492828
chr8	582592	no:10	cert	3	81.98	18673012
chr9	474068	yes	mm2	1	104.46	24898700
chr9	474068	yes	cert	1	81.53	24582648
chr9	474068	yes	mm2	2	102.78	25303168
chr9	474068	yes	cert	2	82.46	24590336
chr9	474068	yes	mm2	3	104.50	24766924
chr9	474068	yes	cert	3	81.22	24232132
chr10	543058	yes	mm2	1	176.18	27086168
chr10	543058	yes	cert	1	149.11	26020232
chr10	543058	yes	mm2	2	176.16	27447092
chr10	543058	yes	cert	2	175.23	26157576
chr10	543058	yes	mm2	3	174.74	27044216
chr10	543058	yes	cert	3	146.54	25957696
chr11	530501	yes	mm2	1	121.67	21180944
chr11	530501	yes	cert	1	97.23	19428892
chr11	530501	yes	mm2	2	121.45	21193288
chr11	530501	yes	cert	2	97.01	19199140
chr11	530501	yes	mm2	3	121.24	21131116
chr11	530501	yes	cert	3	98.89	19501996
chr12	525840	yes	mm2	1	109.40	24879228
chr12	525840	yes	cert	1	85.22	21453160
chr12	525840	yes	mm2	2	107.93	24435728
chr12	525840	yes	cert	2	83.64	21403844
chr12	525840	yes	mm2	3	107.08	25013744
chr12	525840	yes	cert	3	83.35	21390068
chr13	407650	yes	mm2	1	160.20	25043316
chr13	407650	yes	cert	1	126.34	22422940
chr13	407650	yes	mm2	2	161.07	25328192
chr13	407650	yes	cert	2	126.22	22544224
chr13	407650	yes	mm2	3	162.54	25069124
chr13	407650	yes	cert	3	128.61	22392748
chr14	357063	yes	mm2	1	59.28	23382900
chr14	357063	yes	cert	1	48.03	21820096
chr14	357063	yes	mm2	2	60.23	23354144
chr14	357063	yes	cert	2	46.80	21800664
chr14	357063	yes	mm2	3	60.27	23483484
chr14	357063	yes	cert	3	48.02	22070416
chr15	329445	yes	mm2	1	76.61	23034144
chr15	329445	yes	cert	1	59.00	19313524
chr15	329445	yes	mm2	2	76.34	23292480
chr15	329445	yes	cert	2	58.88	19336660
chr15	329445	yes	mm2	3	75.50	22602992
chr15	329445	yes	cert	3	58.94	19313428
chr16	339799	yes	mm2	1	129.65	27020004
chr16	339799	yes	cert	1	118.17	26722812
chr16	339799	yes	mm2	2	130.94	27016992
chr16	339799	yes	cert	2	116.28	26940092
chr16	339799	yes	mm2	3	131.77	27251972
chr16	339799	yes	cert	3	117.55	26842604
chr17	311155	yes	mm2	1	122.21	26057284
chr17	311155	yes	cert	1	103.41	25914736
chr17	311155	yes	mm2	2	121.71	25796976
chr17	311155	yes	cert	2	103.12	25919832
chr17	311155	yes	mm2	3	123.19	26085548
chr17	311155	yes	cert	3	100.99	25933192
chr18	315062	yes	mm2	1	118.28	24794472
chr18	315062	yes	cert	1	98.04	19676724
chr18	315062	yes	mm2	2	118.26	25009148
chr18	315062	yes	cert	2	99.58	19726368
chr18	315062	yes	mm2	3	118.73	24842196
chr18	315062	yes	cert	3	97.93	19754608
chr19	195568	yes	mm2	1	48.03	21518760
chr19	195568	yes	cert	1	40.56	19211808
chr19	195568	yes	mm2	2	48.22	21480092
chr19	195568	yes	cert	2	40.75	19432592
chr19	195568	yes	mm2	3	48.02	21527828
chr19	195568	yes	cert	3	40.85	19187724
chr20	258450	yes	mm2	1	99.96	26618208
chr20	258450	yes	cert	1	79.34	25976532
chr20	258450	yes	mm2	2	99.48	26473772
chr20	258450	yes	cert	2	80.82	25926924
chr20	258450	yes	mm2	3	99.50	26271808
chr20	258450	yes	cert	3	79.64	25629504
chr21	163516	yes	mm2	1	58.54	26344988
chr21	163516	yes	cert	1	48.76	24688132
chr21	163516	yes	mm2	2	58.80	25818612
chr21	163516	yes	cert	2	48.75	24849040
chr21	163516	yes	mm2	3	57.67	26138840
chr21	163516	yes	cert	3	47.30	24733872
chr22	155308	yes	mm2	1	56.55	24976496
chr22	155308	yes	cert	1	48.03	23457684
chr22	155308	yes	mm2	2	55.74	24946976
chr22	155308	yes	cert	2	47.48	23498816
chr22	155308	yes	mm2	3	54.51	24925700
chr22	155308	yes	cert	3	49.22	23474280
chrX	308617	yes	mm2	1	70.29	21692792
chrX	308617	yes	cert	1	55.06	18223400
chrX	308617	yes	mm2	2	70.71	21715012
chrX	308617	yes	cert	2	55.30	18220628
chrX	308617	yes	mm2	3	70.47	21703704
chrX	308617	yes	cert	3	56.50	18222484
chrY	95297	yes	mm2	1	205.86	28073320
chrY	95297	yes	cert	1	128.76	25829308
chrY	95297	yes	mm2	2	204.91	28234588
chrY	95297	yes	cert	2	128.06	26136908
chrY	95297	yes	mm2	3	214.59	28368692
chrY	95297	yes	cert	3	128.61	25698772
other	164850	yes	mm2	1	340.05	27285000
other	164850	yes	cert	1	302.89	26883660
other	164850	yes	mm2	2	353.62	27536728
other	164850	yes	cert	2	319.43	27195764
other	164850	yes	mm2	3	385.40	27278736
other	164850	yes	cert	3	339.38	27428004
DONE
