part	reads	bases	cfg	rep	wall_s	maxrss_kb
chr1	989290	14035517477	mm2	1	763.98	28490468
chr1	989290	14035517477	geo	1	567.64	28278308
chr1	989290	14035517477	mm2	2	761.05	28889936
chr1	989290	14035517477	geo	2	564.80	28194696
chr1	989290	14035517477	mm2	3	757.65	28783252
chr1	989290	14035517477	geo	3	561.94	28369036
chr2	966799	13723465867	mm2	1	171.11	27203572
chr2	966799	13723465867	geo	1	126.95	26112080
chr2	966799	13723465867	mm2	2	165.35	27254772
chr2	966799	13723465867	geo	2	124.87	26688816
chr2	966799	13723465867	mm2	3	164.10	27667240
chr2	966799	13723465867	geo	3	122.99	26192120
chr3	798308	11338636807	mm2	1	131.72	25326792
chr3	798308	11338636807	geo	1	93.04	22083376
chr3	798308	11338636807	mm2	2	132.19	25610792
chr3	798308	11338636807	geo	2	93.01	21860396
chr3	798308	11338636807	mm2	3	133.02	25245052
chr3	798308	11338636807	geo	3	93.90	22097072
chr4	822827	11716733221	mm2	1	279.70	26878632
chr4	822827	11716733221	geo	1	207.25	25750828
chr4	822827	11716733221	mm2	2	277.89	26841556
chr4	822827	11716733221	geo	2	208.54	25890384
chr4	822827	11716733221	mm2	3	278.20	26571384
chr4	822827	11716733221	geo	3	208.75	25967600
chr5	723858	10277298098	mm2	1	112.89	24815460
chr5	723858	10277298098	geo	1	86.61	23163484
chr5	723858	10277298098	mm2	2	115.57	24622332
chr5	723858	10277298098	geo	2	84.29	23191324
chr5	723858	10277298098	mm2	3	114.36	24974716
chr5	723858	10277298098	geo	3	86.63	23017380
chr6	695830	9884267923	mm2	1	133.95	24102016
chr6	695830	9884267923	geo	1	87.08	19544064
chr6	695830	9884267923	mm2	2	133.06	23733520
chr6	695830	9884267923	geo	2	84.38	19532284
chr6	695830	9884267923	mm2	3	129.73	24168712
chr6	695830	9884267923	geo	3	86.71	19776424
chr7	623363	8843582189	mm2	1	127.05	24705456
chr7	623363	8843582189	geo	1	92.85	23240712
chr7	623363	8843582189	mm2	2	124.11	25102028
chr7	623363	8843582189	geo	2	95.25	23364808
chr7	623363	8843582189	mm2	3	125.68	24870980
chr7	623363	8843582189	geo	3	94.71	23837544
chr8	582592	8272694961	mm2	1	103.91	22567268
chr8	582592	8272694961	geo	1	80.73	18687856
chr8	582592	8272694961	mm2	2	105.65	22610320
chr8	582592	8272694961	geo	2	81.04	18687904
chr8	582592	8272694961	mm2	3	106.31	22534820
chr8	582592	8272694961	geo	3	79.92	18695876
chr9	474068	6721320443	mm2	1	103.40	25025804
chr9	474068	6721320443	geo	1	80.20	23397668
chr9	474068	6721320443	mm2	2	104.88	25179516
chr9	474068	6721320443	geo	2	81.72	23368640
chr9	474068	6721320443	mm2	3	104.57	25308872
chr9	474068	6721320443	geo	3	80.81	23785420
chr10	543058	7700551199	mm2	1	174.26	27307020
chr10	543058	7700551199	geo	1	133.47	26368080
chr10	543058	7700551199	mm2	2	172.09	26893752
chr10	543058	7700551199	geo	2	131.28	26551768
chr10	543058	7700551199	mm2	3	171.99	26880548
chr10	543058	7700551199	geo	3	133.38	26629308
chr11	530501	7520943860	mm2	1	123.41	21288564
chr11	530501	7520943860	geo	1	106.65	18216284
chr11	530501	7520943860	mm2	2	122.10	21330596
chr11	530501	7520943860	geo	2	122.96	18241244
chr11	530501	7520943860	mm2	3	122.61	21099740
chr11	530501	7520943860	geo	3	95.84	18330048
chr12	525840	7456390126	mm2	1	110.31	25305296
chr12	525840	7456390126	geo	1	82.25	18581164
chr12	525840	7456390126	mm2	2	108.05	24746268
chr12	525840	7456390126	geo	2	82.67	18617780
chr12	525840	7456390126	mm2	3	107.82	24763408
chr12	525840	7456390126	geo	3	81.78	18677552
chr13	407650	5803665191	mm2	1	157.34	25179572
chr13	407650	5803665191	geo	1	121.51	22310784
chr13	407650	5803665191	mm2	2	159.26	25287064
chr13	407650	5803665191	geo	2	121.66	22324956
chr13	407650	5803665191	mm2	3	157.51	25604576
chr13	407650	5803665191	geo	3	119.93	22319968
chr14	357063	5064608976	mm2	1	57.41	23861316
chr14	357063	5064608976	geo	1	45.90	21576676
chr14	357063	5064608976	mm2	2	59.35	23646672
chr14	357063	5064608976	geo	2	45.81	21637772
chr14	357063	5064608976	mm2	3	59.47	23356140
chr14	357063	5064608976	geo	3	46.37	21614036
chr15	329445	4667643179	mm2	1	76.98	22955936
chr15	329445	4667643179	geo	1	55.67	18079592
chr15	329445	4667643179	mm2	2	75.72	23330896
chr15	329445	4667643179	geo	2	56.66	18082120
chr15	329445	4667643179	mm2	3	75.62	23299048
chr15	329445	4667643179	geo	3	56.89	18085056
chr16	339799	4819012312	mm2	1	126.60	26737912
chr16	339799	4819012312	geo	1	99.21	26366896
chr16	339799	4819012312	mm2	2	127.05	27312020
chr16	339799	4819012312	geo	2	100.05	26281176
chr16	339799	4819012312	mm2	3	153.34	27486620
chr16	339799	4819012312	geo	3	99.62	26415532
chr17	311155	4395193342	mm2	1	121.36	26219208
chr17	311155	4395193342	geo	1	88.65	25818064
chr17	311155	4395193342	mm2	2	118.77	25954236
chr17	311155	4395193342	geo	2	88.07	25908632
chr17	311155	4395193342	mm2	3	119.65	25825308
chr17	311155	4395193342	geo	3	88.85	25819848
chr18	315062	4473723424	mm2	1	117.90	24863280
chr18	315062	4473723424	geo	1	95.13	19649420
chr18	315062	4473723424	mm2	2	115.18	24824256
chr18	315062	4473723424	geo	2	96.30	19726736
chr18	315062	4473723424	mm2	3	116.56	25208208
chr18	315062	4473723424	geo	3	97.36	19674828
chr19	195568	2752690468	mm2	1	45.78	21533292
chr19	195568	2752690468	geo	1	39.11	18297428
chr19	195568	2752690468	mm2	2	46.99	21555528
chr19	195568	2752690468	geo	2	39.13	18295180
chr19	195568	2752690468	mm2	3	47.00	21561428
chr19	195568	2752690468	geo	3	38.10	18295960
chr20	258450	3655288614	mm2	1	122.67	26026388
chr20	258450	3655288614	geo	1	73.47	25076088
chr20	258450	3655288614	mm2	2	97.12	26422804
chr20	258450	3655288614	geo	2	73.91	25205156
chr20	258450	3655288614	mm2	3	124.11	26365884
chr20	258450	3655288614	geo	3	72.66	24949692
chr21	163516	2315857899	mm2	1	57.19	25940964
chr21	163516	2315857899	geo	1	43.33	23775432
chr21	163516	2315857899	mm2	2	57.31	26192496
chr21	163516	2315857899	geo	2	44.46	23767760
chr21	163516	2315857899	mm2	3	56.20	26130636
chr21	163516	2315857899	geo	3	44.24	23716644
chr22	155308	2196259064	mm2	1	54.60	24952172
chr22	155308	2196259064	geo	1	45.34	22284064
chr22	155308	2196259064	mm2	2	54.28	24877632
chr22	155308	2196259064	geo	2	45.74	22486008
chr22	155308	2196259064	mm2	3	54.99	25006204
chr22	155308	2196259064	geo	3	45.34	22333928
chrX	308617	4378920014	mm2	1	71.60	21684940
chrX	308617	4378920014	geo	1	54.56	17893276
chrX	308617	4378920014	mm2	2	69.92	21695328
chrX	308617	4378920014	geo	2	52.92	17907592
chrX	308617	4378920014	mm2	3	69.20	21797160
chrX	308617	4378920014	geo	3	54.36	17895992
chrY	95297	1363814133	mm2	1	196.20	28076296
chrY	95297	1363814133	geo	1	112.00	26881672
chrY	95297	1363814133	mm2	2	194.34	28133884
chrY	95297	1363814133	geo	2	111.60	26906756
chrY	95297	1363814133	mm2	3	219.08	28052304
chrY	95297	1363814133	geo	3	110.81	26936128
other	164850	2344804286	mm2	1	313.80	27026248
other	164850	2344804286	geo	1	237.33	27152332
other	164850	2344804286	mm2	2	316.94	27637428
other	164850	2344804286	geo	2	238.32	27272336
other	164850	2344804286	mm2	3	315.13	27896392
other	164850	2344804286	geo	3	238.01	26925812
unmapped	0	0	mm2	1	17.41	11889972
unmapped	0	0	geo	1	17.82	11890108
unmapped	0	0	mm2	2	17.38	11889168
unmapped	0	0	geo	2	17.27	11889156
unmapped	0	0	mm2	3	15.90	11889160
unmapped	0	0	geo	3	17.43	11889528
