dataset	mode	input_reads	input_bases	mapped_reads	primary_records	mapped_pct
chr22_hifi	minimap2	155308	2196259064	154817	229360	99.68
chr22_hifi	heuristic	155308	2196259064	154815	229485	99.68
chr22_ont	minimap2	114992	2252145446	114992	227914	100.00
chr22_ont	heuristic	114992	2252145446	114992	227996	100.00
chr22_clr	minimap2	250992	2182865670	250944	296432	99.98
chr22_clr	heuristic	250992	2182865670	250944	296575	99.98
chr14_hifi	minimap2	357063	5064608976	356775	358750	99.92
chr14_hifi	heuristic	357063	5064608976	356775	358850	99.92
chr14_ont	minimap2	241925	4805801996	241925	304038	100.00
chr14_ont	heuristic	241925	4805801996	241925	304092	100.00
chr14_clr	minimap2	613023	5317329797	612938	679321	99.99
chr14_clr	heuristic	613023	5317329797	612938	679454	99.99
genomewide_subset_hifi	minimap2	138688	1780423685	137920	143536	99.45
genomewide_subset_hifi	heuristic	138688	1780423685	137900	143556	99.43
