hifi	mm2	rep1	49.67 15088512
hifi	geo	rep1	35.49 13084684
hifi	cert	rep1	53.30 16475736
hifi	mm2	rep2	49.47 15149780
hifi	geo	rep2	34.84 12866976
hifi	cert	rep2	52.65 16418128
hifi	mm2	rep3	48.86 15027052
hifi	geo	rep3	34.61 13039720
hifi	cert	rep3	52.48 16378844
ont	mm2	rep1	110.01 13422988
ont	geo	rep1	89.74 10587308
ont	cert	rep1	120.78 13425972
ont	mm2	rep2	108.43 13263932
ont	geo	rep2	89.44 10784388
ont	cert	rep2	120.90 13589904
ont	mm2	rep3	108.96 13527188
ont	geo	rep3	89.08 10663372
ont	cert	rep3	120.73 13509076
clr	mm2	rep1	45.72 14929080
clr	geo	rep1	32.27 10420884
clr	cert	rep1	53.14 15288640
clr	mm2	rep2	45.90 14635468
clr	geo	rep2	32.23 10420232
clr	cert	rep2	53.39 15242596
clr	mm2	rep3	45.88 14925200
clr	geo	rep3	32.33 10436984
clr	cert	rep3	53.07 15410572
DONE
