hifi	stock	rep1	51.10 15259852
hifi	fast	rep1	37.55 13325516
hifi	cert	rep1	43.16 15843084
hifi	certog	rep1	41.87 15994340
hifi	fastog	rep1	34.88 13416952
hifi	stock	rep2	49.84 15607556
hifi	fast	rep2	35.29 13795568
hifi	cert	rep2	45.70 15900204
hifi	certog	rep2	40.96 15787376
hifi	fastog	rep2	32.96 13432428
hifi	stock	rep3	53.03 14794348
hifi	fast	rep3	36.44 14254500
hifi	cert	rep3	42.31 16047820
hifi	certog	rep3	39.40 16013452
hifi	fastog	rep3	32.19 13490836
ont	stock	rep1	110.07 13581780
ont	fast	rep1	90.91 10852988
ont	cert	rep1	108.29 12323076
ont	certog	rep1	113.84 12981480
ont	fastog	rep1	90.01 10895808
ont	stock	rep2	110.56 13722664
ont	fast	rep2	91.77 10821600
ont	cert	rep2	109.16 12538440
ont	certog	rep2	106.50 12765956
ont	fastog	rep2	88.97 10894232
ont	stock	rep3	109.43 13459700
ont	fast	rep3	90.86 10965268
ont	cert	rep3	107.83 12303244
ont	certog	rep3	106.02 13599728
ont	fastog	rep3	88.90 11003984
clr	stock	rep1	46.14 14639836
clr	fast	rep1	32.35 10444488
clr	cert	rep1	43.19 13403512
clr	certog	rep1	43.42 13677112
clr	fastog	rep1	32.65 10424244
clr	stock	rep2	45.76 14877668
clr	fast	rep2	32.61 10362592
clr	cert	rep2	43.42 13280352
clr	certog	rep2	43.32 13939640
clr	fastog	rep2	32.46 10428228
clr	stock	rep3	45.50 14798792
clr	fast	rep3	32.56 10421416
clr	cert	rep3	43.20 13765880
clr	certog	rep3	43.34 13933844
clr	fastog	rep3	32.65 10364652
DONE
