hifi	mm2fast	rep1	35.61 22339216
hifi	heuristic	rep1	29.19 20294496
hifi	certified	rep1	30.05 22892508
hifi	mm2fast	rep2	35.91 22031428
hifi	heuristic	rep2	28.92 20334408
hifi	certified	rep2	30.12 22918852
hifi	mm2fast	rep3	36.52 22179512
hifi	heuristic	rep3	29.00 20381704
hifi	certified	rep3	30.60 22956308
ont	mm2fast	rep1	65.80 17134360
ont	heuristic	rep1	56.56 12250264
ont	certified	rep1	61.55 15840144
ont	mm2fast	rep2	66.44 17302752
ont	heuristic	rep2	56.56 12379164
ont	certified	rep2	62.06 15968016
ont	mm2fast	rep3	66.27 16925280
ont	heuristic	rep3	56.94 12291156
ont	certified	rep3	61.45 16065804
clr	mm2fast	rep1	32.98 18195220
clr	heuristic	rep1	24.89 10828264
clr	certified	rep1	30.53 13917092
clr	mm2fast	rep2	33.01 18302196
clr	heuristic	rep2	24.98 10894356
clr	certified	rep2	30.15 14008812
clr	mm2fast	rep3	33.33 18024560
clr	heuristic	rep3	25.26 10906132
clr	certified	rep3	30.55 14141588
