hifi_chr22	stock	rep1	48.92 15093176
hifi_chr22	heuristic	rep1	35.19 13331808
hifi_chr22	certified	rep1	39.28 14435072
hifi_chr22	stock	rep2	49.05 14761072
hifi_chr22	heuristic	rep2	35.28 13364232
hifi_chr22	certified	rep2	39.17 15238352
hifi_chr22	stock	rep3	49.24 15320580
hifi_chr22	heuristic	rep3	35.23 13253884
hifi_chr22	certified	rep3	39.38 15061620
ont_chr22	stock	rep1	123.58 13406520
ont_chr22	heuristic	rep1	103.94 10764680
ont_chr22	certified	rep1	115.71 12544644
ont_chr22	stock	rep2	123.12 13010748
ont_chr22	heuristic	rep2	103.87 10790264
ont_chr22	certified	rep2	115.43 12433052
ont_chr22	stock	rep3	124.82 13449656
ont_chr22	heuristic	rep3	103.79 10738316
ont_chr22	certified	rep3	115.32 12635428
clr_chr22	stock	rep1	46.31 14829640
clr_chr22	heuristic	rep1	32.67 10400984
clr_chr22	certified	rep1	41.40 12735292
clr_chr22	stock	rep2	46.25 14521168
clr_chr22	heuristic	rep2	32.88 10393560
clr_chr22	certified	rep2	41.37 12901372
clr_chr22	stock	rep3	46.13 15259928
clr_chr22	heuristic	rep3	32.82 10397960
clr_chr22	certified	rep3	41.62 12719672
ont_chr14	stock	rep1	83.79 13034892
ont_chr14	heuristic	rep1	72.59 7701172
ont_chr14	certified	rep1	70.46 12430956
ont_chr14	stock	rep2	83.66 13022636
ont_chr14	heuristic	rep2	72.40 7570644
ont_chr14	certified	rep2	70.55 11936752
ont_chr14	stock	rep3	83.98 13036292
ont_chr14	heuristic	rep3	72.15 7727788
ont_chr14	certified	rep3	70.72 12372960
