t1:devnull:geo=0:rep1	355.55 2277800
t1:devnull:geo=1:rep1	264.68 1945684
t1:devnull:geo=0:rep2	353.96 2278380
t1:devnull:geo=1:rep2	264.60 1946216
t1:devnull:geo=0:rep3	335.79 2278384
t1:devnull:geo=1:rep3	256.81 1944324
t1:disk:geo=0:rep1	360.98 2278304
t1:disk:geo=1:rep1	268.24 1944996
t1:disk:geo=0:rep2	366.44 2278428
t1:disk:geo=1:rep2	272.54 1945032
t1:disk:geo=0:rep3	359.14 2278424
t1:disk:geo=1:rep3	272.83 1943244
t4:devnull:geo=0:rep1	410.16 4850444
t4:devnull:geo=1:rep1	309.50 4581264
t4:devnull:geo=0:rep2	403.13 4923188
t4:devnull:geo=1:rep2	307.43 4622280
t4:devnull:geo=0:rep3	408.35 4776864
t4:devnull:geo=1:rep3	309.66 4635412
t4:disk:geo=0:rep1	413.17 4749512
t4:disk:geo=1:rep1	317.43 4560420
t4:disk:geo=0:rep2	408.11 4928364
t4:disk:geo=1:rep2	316.67 4666224
t4:disk:geo=0:rep3	413.18 4839840
t4:disk:geo=1:rep3	315.33 4627812
t8:devnull:geo=0:rep1	206.89 6478860
t8:devnull:geo=1:rep1	157.79 6194124
t8:devnull:geo=0:rep2	210.00 6561644
t8:devnull:geo=1:rep2	157.00 6189376
t8:devnull:geo=0:rep3	207.58 6391180
t8:devnull:geo=1:rep3	157.87 6298588
t8:disk:geo=0:rep1	215.86 6694928
t8:disk:geo=1:rep1	162.92 6226360
t8:disk:geo=0:rep2	213.80 6376396
t8:disk:geo=1:rep2	162.18 6176596
t8:disk:geo=0:rep3	215.92 6513952
t8:disk:geo=1:rep3	164.83 6360136
t32:devnull:geo=0:rep1	58.69 16050144
t32:devnull:geo=1:rep1	45.23 14392756
t32:devnull:geo=0:rep2	59.11 15873204
t32:devnull:geo=1:rep2	45.07 14677548
t32:devnull:geo=0:rep3	58.84 16225956
t32:devnull:geo=1:rep3	44.98 14780096
t32:disk:geo=0:rep1	76.13 16049112
t32:disk:geo=1:rep1	70.10 14930704
t32:disk:geo=0:rep2	73.20 16131932
t32:disk:geo=1:rep2	72.07 14680752
t32:disk:geo=0:rep3	73.73 16266696
t32:disk:geo=1:rep3	71.30 14901480
grch38:t32:geo=0:rep1	59.78 25725168
grch38:t32:geo=1:rep1	49.12 24275832
grch38:t32:geo=0:rep2	59.88 25980396
grch38:t32:geo=1:rep2	48.57 24021968
grch38:t32:geo=0:rep3	60.94 26023072
grch38:t32:geo=1:rep3	49.71 24203648
bioconda:t4:rep1	373.06 4842400
O3:t4:geo=0:rep1	370.34 5041196
O3:t4:geo=1:rep1	280.99 4562184
bioconda:t4:rep2	374.81 4794900
O3:t4:geo=0:rep2	371.75 4874372
O3:t4:geo=1:rep2	281.52 4576320
bioconda:t4:rep3	373.73 4860032
O3:t4:geo=0:rep3	369.54 4823940
O3:t4:geo=1:rep3	280.89 4691068
bioconda:t32:rep1	55.58 16135992
O3:t32:geo=0:rep1	55.34 15995648
O3:t32:geo=1:rep1	41.03 14885916
bioconda:t32:rep2	55.12 16257772
O3:t32:geo=0:rep2	54.82 15964400
O3:t32:geo=1:rep2	40.87 14691028
bioconda:t32:rep3	55.19 15688504
O3:t32:geo=0:rep3	54.30 16044856
O3:t32:geo=1:rep3	41.30 14839252
