hifi_chr22	stock	rep1	48.82 14956440	load=17.29
hifi_chr22	fast	rep1	35.53 13299420	load=21.20
hifi_chr22	cert	rep1	39.02 14892504	load=26.42
hifi_chr22	stock	rep2	48.19 15330172	load=29.03
hifi_chr22	fast	rep2	35.07 13307732	load=30.57
hifi_chr22	cert	rep2	38.92 15425740	load=31.61
hifi_chr22	stock	rep3	48.55 15077492	load=32.02
hifi_chr22	fast	rep3	35.00 13526796	load=30.57
hifi_chr22	cert	rep3	39.01 15115700	load=30.18
ont_chr22	stock	rep1	123.14 13743648	load=31.81
ont_chr22	fast	rep1	103.50 10962416	load=28.62
ont_chr22	cert	rep1	115.09 12984828	load=27.53
ont_chr22	stock	rep2	123.00 13235412	load=28.49
ont_chr22	fast	rep2	103.72 10917004	load=31.24
ont_chr22	cert	rep2	115.05 12143660	load=32.25
ont_chr22	stock	rep3	122.88 13719788	load=29.77
ont_chr22	fast	rep3	103.72 10920024	load=32.09
ont_chr22	cert	rep3	115.09 12491028	load=28.24
clr_chr22	stock	rep1	45.71 14654992	load=29.28
clr_chr22	fast	rep1	32.49 10321520	load=29.19
clr_chr22	cert	rep1	40.92 12681488	load=31.05
clr_chr22	stock	rep2	45.71 14686464	load=30.67
clr_chr22	fast	rep2	32.59 10349680	load=30.09
clr_chr22	cert	rep2	41.12 12576532	load=31.20
clr_chr22	stock	rep3	45.73 14915392	load=32.04
clr_chr22	fast	rep3	32.52 10387864	load=30.80
clr_chr22	cert	rep3	41.00 12638340	load=31.52
ont_chr14	stock	rep1	83.66 13232452	load=29.75
ont_chr14	fast	rep1	72.84 7850572	load=28.85
ont_chr14	cert	rep1	70.29 12231448	load=31.95
ont_chr14	stock	rep2	83.45 13239820	load=29.84
ont_chr14	fast	rep2	72.56 7723268	load=31.03
ont_chr14	cert	rep2	70.32 12469212	load=28.80
ont_chr14	stock	rep3	83.62 13183608	load=28.86
ont_chr14	fast	rep3	72.29 7688096	load=26.89
ont_chr14	cert	rep3	70.03 12554496	load=30.87
DONE
